file,s3_key,content
Announcement-deadlines-AY-2026-2027.png,admissions/announcement/Announcement-deadlines-AY-2026-2027.png,"OF THE
UNIVERSITY
ANNOUNCEMENT
1908
University of the Philippines
OPEN UNIVERSITY
Deadline for the submission of
applications for the upcoming
AY 2026-2027
Program
Application
Deadline
MPM, MALLE, and MIH
25 April 2026 (S)
Undergraduate (Associate and
Bachelor's Programs)
30 May 2026 (S)
PTC, GCDE, and MDE
27 June 2026 (S)
All Other Graduate Programs
23 May 2026 (S)
upou.edu.ph/announcement"
UgAT-2025-1T-Advisory.jpg,admissions/announcement/UgAT-2025-1T-Advisory.jpg,"University of the Philippines
OPEN UNIVERSITY
All applicants to the Associate programs are
advised that the schedule of the UPOU
Undergraduate Application Test (UgAT) for
the 1st Trimester AY 2025-2026 is on 5 July
2025."
Semestral-25-26.png,admissions/calendar/Semestral-25-26.png,"Application
Registration
Start and End of
Program
Admission Exam
Deadline
Period
Classes
1st Trimester AY 2026-2027
Undergraduate (Associate and
30 May 2026 (S)
25 July 2026 (S)
7-19 September
21 September 2026
Bachelor's Programs)
2026
(M)
12 December 2026 (S)
PTC, MDE, GCDE
27 June 2026 (S)
N/A
2nd Trimester AY AY 2026-2027
Undergraduate (Associate and
26 September 2026 (S)
14 November 2026 (S)
25 Janruary 2026 (M)
Bachelor's Programs)
11-23 January 2026
24 April 2026 (S)
PTC, MDE, GCDE
24 October 2026 (S)
N/A
3rd Trimester AY 2026-2027
Undergraduate (Associate and
30 January 2027 (S)
27 February 2027 (S)
24 May 2026 (M)
Bachelor's Programs)
10-22 May 2026
14 August 2027 (S)
PTC, MDE, GCDE
13 April 2024 (S)
N/A"
Trimestral-25-26.png,admissions/calendar/Trimestral-25-26.png,"Program
Application
Admission/Qualifying
Registration
Start and End of
Deadline
Exam
Period
Classes
1st Semester AY 2026-2027
MPM
13 June 2026 (S)
MALLE
25 April 2026 (S)
27 July 2026 (S)
MIH
11 July 2026 (S)
31 August-12
14 September 2026
September 2026
(M)
19 December
2026 (S)
23 May 2026 (S)
N/A
All Other Graduate Programs
2nd Semester AY 2026-2027
MPM
19 September 2026 (S)
07 November 2026 (S)
MALLE
21 November 2026 (S)
18-30 January 2027
01 February 2027 (M)
08 May 2027 (S)
24 October 2026 (S)
N/A
All Other Graduate Programs"
UPOU-Acad-Calendar-2025-2026-Trimester,admissions/calendar/UPOU-Acad-Calendar-2025-2026-Trimester.pdf,"UNIVERSITY OF THE PHILIPPINES OPEN UNIVERSITY
ACADEMIC CALENDAR AY 2025-2026
Trimester Schedule
1st Trimester
Activity
2nd Trimester
3rd Trimester
General Schedule
Deadline for submission of application
For Undergraduate programs
3 May 2025 (Sat)
20 September 2025 (Sat)
24 January 2026 (Sat)
For MDE, GCDE and PTC programs
31 May 2025 (Sat)
18 October 2025 (Sat)
21 February 2026 (Sat)
Deadline for submission of application for Transfer of Credits
5 July 2025 (Sat)
22 November 2025 (Sat)
28 March 2026 (Sat)
Undergraduate Assessment Test (UgAT)
5 July 2025 (Sat)
22 November 2025 (Sat)
28 March 2028 (Sat)
Deadline for submission of application for Re-admission/Non-degree
Students
9 August 2025 (Sat)
13 December 2025 (Sat)
9 May 2026 (Sat)
Validation exam for the transfer of credits/Advanced Placement
Exam (APE)
23 August 2025 (Sat)
10 January 2026 (Sat)
23 May 2026 (Sat)
8-13 September 2025
Registration Period
(Mon-Sat)
26-31 January 2026 (Mon-Sat)
1-5 June 2026 (Mon-Sat)
Start of Classes
22 September 2025 (Mon)
9 February 2026 (Mon)
15 June 2026 (Mon)
Deadline for submission of application for graduation
First Trimester, AY 2025-2026
18 October 2025 (Sat)
Second Trimester, AY 2025-2026
7 March 2026 (Sat)
Third Trimester, AY 2025-2026
11 July 2026 (Sat)
Midterm Examination
08 November 2025 (Sat)
21 March 2026 (Sat)
25 July 2026 (Sat)
Deadline for filing request for make-up exam/removal
exam/completion of requirements
15 November 2025 (Sat)
6 April 2026 (Mon)
8 August 2026 (Sat)
Deadline for filing of dropping and LOA
22 November 2025 (Sat)
11 April 2026 (Sat)
15 August 2026 (Sat)
30 October 1 November 2025
*Study Interlude (Reading Break)
(Thu-Sat)
1-3 April 2026 (Wed-Fri)
19-21 August 2026 (Wed-Fri)
Removal/Make-up Exam
29 November 2025 (Sat)
18 April 2026 (Sat)
22 August 2026 (Sat)
End of Classes
13 December 2025 (Sat)
9 May 2026 (Sat)
5 September 2026 (Sat)
Final Examination
13 December 2025 (Sat)
9 May 2026 (Sat)
5 September 2026 (Sat)
Deadline for submission of requirements for graduation
12 January 2026 (Mon)
19 May 2026 (Tue)
15 September 2026 (Tue)
Deadline for submission of grades
12 January 2026 (Mon)
19 May 2026 (Tue)
15 September 2026 (Tue)
Important Dates for Faculties of Study and Committees
Faculty Execom Meetings to Approve Candidates for
Graduation as of the end of the:
First Trimester. AY 2025-2026
26-30 January 2026 (Mon-Fri)
Second Trimester, AY 2025-2026
1-5 June 2026 (Mon-Fri)
Third Trimester, AY 2025-2026
28 September 2 October 2026
(Mon-Fri)
Faculty Council Meetings to Approve Candidates for
Graduation as of the end of the:
First Trimester, AY 2025-2026
2-6 February 2026 (Mon-Fri)
Second Trimester, AY 2025-2026
8-12 June 2026 (Mon-Fri)
Third Trimester, AY 2025-2026
5-9 October 2026 (Mon-Fri)
University Council Curriculum Committee Meeting
11 February 2026 (Wed)
17 June 2026 (Wed)
14 October 2026 (Wed)
Deadline for the Submission of UC Standing Committees'
11 February 2026 (Wed)
17 June 2026 (Wed)
14 October 2026 (Wed)
Proposals for Discussion in the Executive Committee Meeting
University Council Executive Committee Meeting to Approve
Candidates for Graduation as of the end of the:
First Trimester, AY 2025-2026
18 February 2026 (Wed)
Second Trimester, AY 2025-2026
24 June 2026 (Wed)
Third Trimester, AY 2025-2026
21 October 2026 (Wed)
University Council Meeting to Approve Candidates for
Graduation as of the end of the:
First Trimester, AY 2025-2026
25 February 2026 (Wed)
Second Trimester, AY 2025-2026
1 July 2026 (Wed)
Third Trimester, AY 2025-2026
28 October 2026 (Wed)
Board of Regents (BOR) Meeting to Approve Graduation
26 February 2026 (Thu)
30 July 2026 (Thu)
29 October 2026 (Thu)
UPOU 29th COMMENCEMENT EXERCISES
5 December 2026 (Sat)
UPOU will use the term ""Study Interlude"" (instead of Reading Break). which is defined in UPOU as a brief period designated for students to engage in self-directed study or catch up on academic
tasks without the pressure of regular coursework or assessments.
ACADEMIC CALENDAR GUIDE
1. The calendar is composed of two parts reflecting the trimester schedule and the semester schedule. Programs in UPOU operate under the semestral system except for the undergraduate
programs. and the MDE and GCDE programs.
2. Registration period is when a student becomes ""officially enrolled"" (student has gone through all the processes involved in registration up to payment of fees).
3. BOR Meetings are usually held every last Thursday of the month although meetings can be re-scheduled.
Office of the Secretary
HOLIDAYS DURING THE ACADEMIC YEAR
of the University and of
the Board of Regents
1 Jan 2025 (W) New Year's Day
8 Dec 2025 (M) Feast of the Immaculate Conception of Mary
June 2026 (F) Independence Day
OFFICIAL
28 Jan 2025 (W) Chinese New Year
24 Dec 2025 (W) Christmas Eve
21 Aug 2026 (F) Ninoy Aquino Day
09 Apr 2025 (W) Araw ng Kagitingan
25 Dec 2025 (Th) Christmas Day
31 Aug 2026 (M) National Heroes Day
RELEASE
17 Apr 2025 (Th) Maundy Thursday
30 Dec 2025 (T) Rizal Day
1 N"
Application-for-Non-Degree-Student_5-2022_-1,admissions/required_document/Application-for-Non-Degree-Student_5-2022_-1.pdf,"OF THE
UNIVERSITY OF THE PHILIPPINES OPEN UNIVERSITY
College, Laguna 4031, Philippines
UNIVERSITY
OFFICE OF THE UNIVERSITY REGISTRAR
Tel. Nos. +6349 5366001 to 6 local 106
1908
Email: registration@upou.edu.ph
APPLICATION FOR NON-DEGREE STUDENT
Please attach
2"" x 2"" photo here
To the student applicant: This application shall not be acted upon unless the following
documents are received by the OUR not later than one (1) month before the start of the
general registration: (a) Accomplished Application for Non-degree Student; (b) Photocopy
of Transcript of Records; (c) Two (2) 2"" X 2"" colored photo.
PERSONAL INFORMATION
FAMILY NAME
FIRST NAME
MIDDLE NAME
GENDER
BIRTHDATE (MM/DD/YYYY)
AGE
CIVIL STATUS
CITIZENSHIP
EMAIL ADDRESS
TELEPHONE NO. (HOME)
TELEPHONE NO. (OFFICE)
HOME ADDRESS
OCCUPATION
MAILING ADDRESS
EDUCATIONAL BACKGROUND
SCHOOL ATTENDED
DEGREE/COURSE
DATE OF GRADUATION
COLLEGE
POST BACCALAUREATE/DIPLOMA
MASTERS
DOCTORATE
Are you currently enrolled:
YES
NO
Are you a former UP student
YES
NO
If yes, what program?
School:
If yes, indicate UP student no.
APPLICATION INFORMATION
TERM APPLYING FOR:
1ST
2ND
3RD/SUMMER
SCHOOL YEAR 20
TO 20
COURSES TO BE TAKEN
UNITS
RECOMMENDING APPROVAL
(Please check the current list of course offerings in the UPOU
(Program Chair)
website, www.upou.edu.ph)
1.
2.
3.
4.
REASON/S FOR ENROLLMENT
DO YOU HAVE PLANS OF APPLYING TO ANY OF THE DEGREE PROGRAMS OFFERED BY UPOU?
YES
NO
IF YES, WHAT PROGRAM?
ACTION TAKEN
APPROVED
DISAPPROVED
Noted for enrollment:
DEAN
UNIVERSITY REGISTRAR
DATE
DATE"
Approved_OUR_UPOU_Letter_ChangDeadline_Submission_of_Grades_-9-Sem-25-26,admissions/required_document/Approved_OUR_UPOU_Letter_ChangDeadline_Submission_of_Grades_-9-Sem-25-26.pdf,"UNIVERSITY OF THE PHILIPPINES OPEN UNIVERSITY
ACADEMIC CALENDAR 2025-2026
Semester Schedule
1st Semester
2nd Semester
Mid-Year Term
ACTIVITY
General Schedule
Deadline for submission of application
For programs with admission test & qualifiying exam (MPM, MLLE & MIH)
5 April 2025 (Sat)
6 September 2025 (Sat)
For all other programs and transfer students
19 April 2025 (Sat)
20 September 2025 (Sat)
Deadline for submission of application for Transfer of Credits
7 June 2025 (Sat)
8 November 2025 (Sat)
Graduate Admission Test
MPM
7 June 2025 (Sat)
8 November 2025 (Sat)
MLLE
14 June 2025 (Sat)
15 November 2025 (Sat)
Qualifying Examination
MIH
21 June 2025 (Sat)
Deadline for submission of application for Re-admission/Non-degree
Students
12 July 2025 (Sat)
6 December 2025 (Sat)
Validation Exam for the transfer of credits/Advanced Placement Exam
(APE)
26 July 2025 (Sat)
13 December 2025 (Sat)
Registration Period
11-16 August 2025 (Mon-Sat)
12-17 January 2026 (Mon-Sat)
1-6 June 2026 (Mon-Sat)
Start of Classes
25 August 2025 (Mon)
26 January 2026 (Mon)
15 June 2026 (Mon)
Deadline for submission of application for graduation as of the end of the:
First Semester, AY 2025-2026
20 September (Sat)
Second Semester, AY 2025-2026
21 February 2026 (Sat)
Mid-Year Term, AY 2025-2026
27 June 2026 (Sat)
Mid-Semester Examination
11 October 2025 (Sat)
14 March 2026 (Sat)
4 July 2026 (Sat)
30 October 1 November 2025
*Study Interlude (Reading Break)
1-3 April 2026 (Wed-Fri)
(Thu-Sat)
Deadline for filing request for make-up exam/removal exam/completion of
requirements
3 November 2025 (Mon)
6 April 2026 (Mon)
11 July 2026 (Sat)
Deadline for filing of dropping and LOA
15 November 2025 (Sat)
18 April 2026 (Sat)
18 July 2026 (Sat)
Removal/Make-up Exam
22 November 2025 (Sat)
25 April 2026 (Sat)
18 July 2026 (Sat)
End of Classes
29 November 2025 (Sat)
2 May 2026 (Sat)
25 July 2026 (Sat)
Final Examination
29 November 2025 (Sat)
2 May 2026 (Sat)
25 July 2026 (Sat)
Deadline for submission of requirements for graduation
9 December 2025 (Tue)
12 May 2026 (Tue)
4 August 2026 (Tue)
Deadline for submission of grades
13 December 2025 (Sat)
12 May 2026 (Tue)
4 August 2026 (Tue)
Important Dates for Faculties of Study and Committees
Faculty Execom Meetings to Approve Candidates for Graduation as
of the end of the:
First Semester, AY 2025-2026
26-30 January 2026 (Mon-Fri)
Second Semester, AY 2025-2026
1-5 June 2026 (Mon-Fri)
Mid-Year Term, AY 2025-2026
28 September-2 October 2026
(Mon-Fri)
Faculty Council Meetings to Approve Candidates for Graduation as of
the end of the:
First Semester, AY 2025-2026
2-6 February 2026 (Mon-Fri)
Second Semester, AY 2025-2026
8-12 June 2026 (Mon-Fri)
Mid-Year Term, AY 2025-2026
5-9 October 2026 (Mon-Fri)
University Council Curriculum Committee Meeting
11 February 2026 (Wed)
17 June 2026 (Wed)
14 October 2026 (Wed)
Deadline for the Submission of UC Standing Committees' Proposals
for Discussion in the Executive Committee Meeting
11 February 2026 (Wed)
17 June 2026 (Wed)
14 October 2026 (Wed)
University Council Executive Committee Meeting to Approve
Candidates for Graduation as of the end of the:
First Semester, AY 2025-2026
18 February 2026 (Wed)
Second Semester, AY 2025-2026
24 June 2026 (Wed)
Mid-Year Term, AY 2025-2026
21 October 2026 (Wed)
University Council Meeting to Approve Candidates for Graduation as
of the end of the:
First Semester, AY 2025-2026
25 February 2026 (Wed)
Second Semester, AY 2025-2026
1 July 2026 (Wed)
Mid-Year Term, AY 2025-2026
28 October 2026 (Wed)
Board of Regents (BOR) Meeting to Approve Graduation
26 February 2026 (Thu)
30 July 2026 (Thu)
29 October 2026 (Thu)
UPOU 30th COMMENCEMENT EXERCISES
5 December 2026 (Sat)
* UPOU will use the term ""Study Interlude"" (instead of Reading Break), which is defined in UPOU as a brief period designated for students to engage in self-directed study or catch up on academic tasks
without the pressure of regular coursework or assessments.
ACADEMIC CALENDAR GUIDE
1. The calendar is composed of two parts reflecting the trimester schedule and the semester schedule. Programs in UPOU operate under the semestral system except for the undergraduate programs,
and the MDE and GCDE programs.
2. Registration period is when a student becomes ""officially enrolled"" (student has gone through all the processes involved in registration up to payment of fees).
3. BOR Meetings are usually held every last Thursday of the month although meetings can be re-scheduled.
HOLIDAYS DURING THE ACADEMIC YEAR
1 Jan 2025 (W) New Year's Day
8 Dec 2025 (M) Feast of the Immaculate Conception of Mary
12 June 2026 (F) Independence Day
29 Jan 2025 (W) Chinese New Year
24 Dec 2025 (W) Christmas Eve
21 Aug 2026 (F) Ninoy Aquino Day
09 Apr 2025 (W) Araw ng Kagitingan
25 Dec 2025 (Th) Christmas Day
31 Aug 2026 (M) National Heroes Day
17 Apr 2025 (Th) Maundy Thursday
30 Dec 2025 (T) Rizal Day
1 Nov 2026 (Su) All Saints' Day
18 Apr 2025 (F) Good Friday
31 Dec 2025 (W) New Year's Eve
2 Nov 2026 (M) All Souls' D"
Consent-and-Assent-Form-for-Minors-1,admissions/required_document/Consent-and-Assent-Form-for-Minors-1.pdf,"UPOU Form Code: OUR_PS_8
OF THE
UNIVERSITY OF THE PHILIPPINES OPEN UNIVERSITY
Office of the University Registrar
UNITED 1908 STATEMENTS
Tel. No. +63 49 536 6001 local 101
CONSENT AND ASSENT FORM
FOR MINOR APPLICANT AND STUDENT
Instructions: This consent and assent form must be filled out and signed by the parent/guardian of the minor
prospective student, and should be submitted in hard copy as an additional requirement for admission to UPOU.
I have read the University of the Philippines' Privacy Notice for Students*.
I understand that for the UP System to carry out its mandate under the 1987 Constitution, the UP
Charter and other laws, that the University must necessarily process the personal and sensitive
personal information of my child/ward
.
name of child/ward
Therefore, I grant my consent to and recognize the authority of the University to process the personal
and sensitive personal information of my child/ward pursuant to the the abovementioned Privacy
Notice and other applicable laws.
Signature of Parent/Guardian above Printed Name
Date Signed
* URL for the Privacy Notice for Students: https://www.upou.edu.ph/up-data-privacy-notice-for-students/"
